{
  "id": "2307533",
  "name": "Travel",
  "font_family": "iconfont",
  "css_prefix_text": "icon",
  "description": "Travel项目图标",
  "glyphs": [
    {
      "icon_id": "3001102",
      "name": "图片",
      "font_class": "tupian",
      "unicode": "e663",
      "unicode_decimal": 58979
    },
    {
      "icon_id": "566360",
      "name": "箭头",
      "font_class": "jiantou",
      "unicode": "e64a",
      "unicode_decimal": 58954
    },
    {
      "icon_id": "2674472",
      "name": "返回",
      "font_class": "fanhui",
      "unicode": "e624",
      "unicode_decimal": 58916
    },
    {
      "icon_id": "2675116",
      "name": "搜索",
      "font_class": "sousuo",
      "unicode": "e632",
      "unicode_decimal": 58930
    }
  ]
}
